{
  "questions": [
    {
      "category_name": "LEADERSHIP",
      "number": "1-1",
      "priority": 3,
      "text": "How experienced is the founder or CEO/MD? (technical, operational, strategy)",
      "descriptors": {
        "0": "<6 Months",
        "1": "6 Months - 1 year",
        "2": "1 year - 3 years",
        "3": "3years - 5 years",
        "4": "5+ years",
        "-1": "Question does not apply to this company"
      },
      "evidence_prompt": "CV and list of previous ventures, what they claim they did to them and check how they are doing now",
      "weight": 4
    },
    {
      "category_name": "LEADERSHIP",
      "number": "1-2",
      "priority": 3,
      "text": "How experienced is your Management Team (combined)?",
      "descriptors": {
        "0": "<6 Months",
        "1": "6 Months - 1 year",
        "2": "1 year - 3 years",
        "3": "3years - 5 years",
        "4": "5+ years",
        "-1": "Question does not apply to this company"
      },
      "evidence_prompt": "Check CV and previous contributions to other organisations match to role in current org",
      "weight": 4
    },
    {
      "category_name": "LEADERSHIP",
      "number": "1-3",
      "priority": 3,
      "text": "How dependent is your organisation on the existing CEO?",
      "descriptors": {
        "0": "Organisation will fail immediately without the CEO",
        "1": "Organisation will fail quickly without the CEO",
        "2": "Will cope short term, but will struggle to survive long term without the CEO",
        "3": "Will survive long term, but not as well as when with the current CEO",
        "4": "Organisation will continue strongly without the existing CEO",
        "-1": "Question does not apply to this company"
      },
      "evidence_prompt": "Appraise the ability of other management and board to manage a short term or surprise transition",
      "weight": 4
    },
    {
      "category_name": "ORGANISATION & STAFF",
      "number": "2-1",
      "priority": 3,
      "text": "Is there a vision and mission statement?",
      "descriptors": {
        "0": "No vision & mission statement exists",
        "1": "Yes, but can only be verbalised by the founder",
        "2": "Yes, can be verbalised amongst some of the management team",
        "3": "Yes, can be verbalised amongst most of the team.",
        "4": "Yes, there is a formalised, written vision & mission statement understood by the entire organisation.",
        "-1": "Question does not apply to this company"
      },
      "evidence_prompt": "Pitch or strategy document - test through a range of staff if they know it and if they do it",
      "weight": 4
    },
    {
      "category_name": "ORGANISATION & STAFF",
      "number": "2-2",
      "priority": 3,
      "text": "Does the business have values that match/define their culture?",
      "descriptors": {
        "0": "No written company values",
        "1": "There is little to know understanding of company values",
        "2": "There is some expression of organisation’s reason for existence that reflects its values and purpose, but may lack clarity; held by only a few; lacks broad agreement or rarely referred to",
        "3": "There is a decent understanding of organisation’s reason for existence which reflects its values and purpose; can be referred to by most in the organisation",
        "4": "The organisation's reasons for existence are reflected through values and the purpose, which are strongly understood and referred to by the organisation's employees,",
        "-1": "Question does not apply to this company"
      },
      "evidence_prompt": "As above",
      "weight": 4
    },
    {
      "category_name": "ORGANISATION & STAFF",
      "number": "2-3",
      "priority": 3,
      "text": "Which sentence best describes your organisation's strategy?",
      "descriptors": {
        "0": "Strategy is nonexistent.",
        "1": "Strategy exists (in theory) but is either unclear, or incoherent (a set of scattered initiatives); strategy has no influence over day-today behaviour",
        "2": "Strategy exists but is either not clearly linked to mission, vision, and overarching goals, or lacks coherence, or is not easily actionable; strategy is not broadly known and has limited influence over day-to-day behaviour",
        "3": "Coherent strategy has been developed and is linked to mission and vision but is not fully ready to be acted upon; strategy is mostly known at all levels of the organisation and day-to-day behaviour is partly driven by it",
        "4": "Organisation has clear, coherent medium- to long-term strategy that is both actionable and linked to overall mission, vision, and overarching aims / goals; strategy is broadly known and consistently helps drive day to- day behaviour at all levels of organisation",
        "-1": "Question does not apply to this company"
      },
      "evidence_prompt": "Strategy document - test on enterprise team and other consultants for coherence also test for logic and clear link from vision etc to action to financial model",
      "weight": 4
    },
    {
      "category_name": "ORGANISATION & STAFF",
      "number": "2-4",
      "priority": 3,
      "text": "How well is your organisation structured (all the people, positions, procedures, processes, culture, technology) set up to deliver your strategy?",
      "descriptors": {
        "0": "Structure doesn't even exist.",
        "1": "Unclear structure that also does not support the strategy.",
        "2": "Clear structure but not ideal match for strategy and therefore not optimised for performance",
        "3": "Clear structure but not ideal match for strategy and therefore not optimised for performance",
        "4": "Clear structure which makes sense in theory and practice when considering delivery on the strategy",
        "-1": "Question does not apply to this company"
      },
      "evidence_prompt": "Org chart, roles and resps written down - clear overall and also for individuals / no gaps and fit to deliver strategy",
      "weight": 4
    },
    {
      "category_name": "ORGANISATION & STAFF",
      "number": "2-5",
      "priority": 3,
      "text": "Do you have standard business processes for working created, documented and used by your workforce?",
      "descriptors": {
        "0": "No standard processes have been created",
        "1": "Some standard processes have been created, but they are not documented and are rarely followed",
        "2": "Only key / core business processes are standardised, documented and followed by the organisation",
        "3": "Most business processes are standardised, documented and followed by the organisation",
        "4": "All business processes are standardised, documented and followed by the organisation",
        "-1": "Question does not apply to this company"
      },
      "evidence_prompt": "Get copy of processes and test use in a range of areas of the bysiness for use and appropriateness / need for improvement",
      "weight": 4
    },
    {
      "category_name": "ORGANISATION & STAFF",
      "number": "2-6",
      "priority": 3,
      "text": "Do you have SMART targets formally set at the organisation, team and individual level?",
      "descriptors": {
        "0": "No targets are set",
        "1": "A few of the targets are SMART, but there are many areas which aren't",
        "2": "Yes, but they are only SMART targets at an organisational level",
        "3": "Yes, SMART targets at most of both organisational and team levels",
        "4": "Yes, SMART targets at organisational, team and individual levels",
        "-1": "Question does not apply to this company"
      },
      "evidence_prompt": "Get copy of targets and test use across team and test fit to plan and model, also look at how targets are set and tracked for improvement in tools for doing that",
      "weight": 4
    },
    {
      "category_name": "ORGANISATION & STAFF",
      "number": "2-7",
      "priority": 3,
      "text": "How often are your organisation's targets measured / evaluated to assess performance?",
      "descriptors": {
        "0": "No targets are set",
        "1": "Less frequently than annually",
        "2": "Annually",
        "3": "Quarterly",
        "4": "Monthly",
        "-1": "Question does not apply to this company"
      },
      "evidence_prompt": "See above on improvement of system",
      "weight": 4
    },
    {
      "category_name": "ORGANISATION & STAFF",
      "number": "2-8",
      "priority": 3,
      "text": "What is the quality of internal communications channels within your organisation?",
      "descriptors": {
        "0": "No internal communication channels in place, whether formal or informal",
        "1": "Only informal (purely verbal) internal communication channels in place.",
        "2": "Limited communications within the organisation that are done on an ad hoc basis",
        "3": "Some internal communications are produced (following a standard approach), but which are not produced with any regularity",
        "4": "A standardised approach is used for internal communications, which are produced on a regular basis",
        "-1": "Question does not apply to this company"
      },
      "evidence_prompt": "Get evidence of internal communication channels - esp written ones and test against communicating values, plan, performance, and test effect that has on people and their motivation and ability to describe the business, its performance, its producsts and services",
      "weight": 4
    },
    {
      "category_name": "PRODUCT & PROCESSING",
      "number": "3-1",
      "priority": 3,
      "text": "Is there an in-house manufacturing function within the organisation?",
      "descriptors": {
        "0": "No",
        "1": "[do not use]",
        "2": "[do not use]",
        "3": "[do not use]",
        "4": "yes",
        "-1": "Question does not apply to this company"
      },
      "evidence_prompt": "",
      "weight": 4
    },
    {
      "category_name": "PRODUCT & PROCESSING",
      "number": "3-2",
      "priority": 3,
      "text": "What is your volume of production?",
      "descriptors": {
        "0": "No production has begun",
        "1": "Averages less than 25% capacity",
        "2": "Averages less than 50% capacity",
        "3": "Averages less than 75% capacity",
        "4": "Consistently more than 75% capacity",
        "-1": "Question does not apply to this company"
      },
      "evidence_prompt": "Get machine capacity and statistics on output and create %, then look for reasons why the value is as it is",
      "weight": 4
    },
    {
      "category_name": "PRODUCT & PROCESSING",
      "number": "3-3",
      "priority": 3,
      "text": "How scalable is your production level based on current equipment, staffing, supplies, etc.?",
      "descriptors": {
        "0": "It is impossible to implement changes in the level of production.",
        "1": "It would be difficult to implement changes in the level of production. More machinery or better storage/transporation would be required",
        "2": "It would be somewhat difficult to change levels of production, there would still be constraints",
        "3": "Production levels can be scaled up somewhat, with fewer constraints",
        "4": "It would be easy to implement changes in the level of production",
        "-1": "Question does not apply to this company"
      },
      "evidence_prompt": "Get evidence to support any opportunities or barriers to scale presented",
      "weight": 4
    },
    {
      "category_name": "PRODUCT & PROCESSING",
      "number": "3-4",
      "priority": 3,
      "text": "How suitable is your current manufacturing equipment to conduct your organisation's business activities? (eg, processing machinery, refrigeration units)",
      "descriptors": {
        "0": "There is no manufacturing equipment available for the company, and it is desparately needed.",
        "1": "Equipment is totally unsuitable for effective working of the organisation. No amount of correction will make them suitable. Replacement is required",
        "2": "Major problems in the equipment need to be addressed in order for them to be suitable and enable effective working",
        "3": "The equipment is suitable for the organisation's business activities. Minor problems need to be addressed",
        "4": "The equipment is highly suitable for the organisation's business activities. No noticeable problems present",
        "-1": "Question does not apply to this company"
      },
      "evidence_prompt": "As above - evidence any barrier or opportunity",
      "weight": 4
    },
    {
      "category_name": "PRODUCT & PROCESSING",
      "number": "3-5",
      "priority": 3,
      "text": "Do you have issues with the supply of raw materials including availability, timeliness, quality or cost?",
      "descriptors": {
        "0": "Delivery, availability and quality of raw materials is consistently a problem",
        "1": "Delivery, availability and quality of raw materials is often a problem",
        "2": "Delivery, availability and quality of Raw materials is sometimes a problem",
        "3": "Delivery, availability and quality of raw materials can occasionally be a problem",
        "4": "Issues with raw materials very rarely happen and there is no problem with availability, delivery or quality",
        "-1": "Question does not apply to this company"
      },
      "evidence_prompt": "As above - evidence any barrier or opportunity",
      "weight": 4
    },
    {
      "category_name": "PRODUCT & PROCESSING",
      "number": "3-6",
      "priority": 3,
      "text": "Does your organisation carry out the risk assessment of their operations?",
      "descriptors": {
        "0": "No",
        "1": "We carried out a theoritical risk assessment",
        "2": "We carried out a theoritical assessemt and drafted one",
        "3": "We carried out a basic risk assessment and finalized drafting it.",
        "4": "Yes-We carried out a concrete risk assessment and finalized drafting it.",
        "-1": "Question does not apply to this company"
      },
      "evidence_prompt": "Get evidence of the documentation of the risk assessment tools in place",
      "weight": 4
    },
    {
      "category_name": "SERVICE DEVELOPMENT & DELIVERY",
      "number": "4-1",
      "priority": 3,
      "text": "Does your organisation have the in-house capability to deliver the service(s) your organisation provides?",
      "descriptors": {
        "0": "No",
        "1": "",
        "2": "",
        "3": "",
        "4": "Yes",
        "-1": "Question does not apply to this company"
      },
      "evidence_prompt": "Check CV/qualifications/experience of delivery staff against the requirements of the services offered",
      "weight": 4
    },
    {
      "category_name": "SERVICE DEVELOPMENT & DELIVERY",
      "number": "4-2",
      "priority": 3,
      "text": "How many clients do you have?",
      "descriptors": {
        "0": "No clients at present",
        "1": "<2",
        "2": "3->5",
        "3": "5->10",
        "4": ">10",
        "-1": "Question does not apply to this company"
      },
      "evidence_prompt": "Evidence from ops report and billing",
      "weight": 4
    },
    {
      "category_name": "SERVICE DEVELOPMENT & DELIVERY",
      "number": "4-3",
      "priority": 3,
      "text": "How many recurring clients do you have?",
      "descriptors": {
        "0": "0",
        "1": "Up to 25% of clients are recurring",
        "2": "Up to 50% of clients are recurring",
        "3": "Up to 75% of clients are recurring",
        "4": "Over 75% of clients are recurring",
        "-1": "Question does not apply to this company"
      },
      "evidence_prompt": "Evidence from ops report and billing",
      "weight": 4
    },
    {
      "category_name": "SERVICE DEVELOPMENT & DELIVERY",
      "number": "4-4",
      "priority": 3,
      "text": "How scalable is your service delivery based on current staffing, etc.?",
      "descriptors": {
        "0": "It is impossible to increase service delivery currently",
        "1": "It would be difficult to increase service delivery currently. More staff would need to be identified and recruited.",
        "2": "It would be somewhat difficult to increase service delivery currently, there would still be constraints",
        "3": "Service delivery currently could be scaled up somewhat, with few constraints",
        "4": "It would be easy to increase service delivery",
        "-1": "Question does not apply to this company"
      },
      "evidence_prompt": "Evidence to show opporunity or barrier",
      "weight": 4
    },
    {
      "category_name": "SERVICE DEVELOPMENT & DELIVERY",
      "number": "4-5",
      "priority": 3,
      "text": "Do you have a quality management and client feedback system in place",
      "descriptors": {
        "0": "No Q&C systems in place",
        "1": "Basic Q&C system in place for one or more areas of the organisation (eg, service delivery)",
        "2": "Combination of detailed and basic Q&C systems in place for the key areas of the organisation (eg, service delivery, IT, Finance)",
        "3": "Detailed Q&C systems are only in place for the key areas of the organisation (eg, service delivery, IT, Finance)",
        "4": "Detailed Q&C is embedded throughout the entire organisation",
        "-1": "Question does not apply to this company"
      },
      "evidence_prompt": "Get sight of systems and test for appropriateness for size and nature of company",
      "weight": 4
    },
    {
      "category_name": "MARKET ANALYSIS & MARKETING",
      "number": "5-1",
      "priority": 3,
      "text": "Which sentence best describes your organisation's marketing?",
      "descriptors": {
        "0": "Organisation does not use marketing at all.",
        "1": "Organisation makes very limited use of marketing; general lack of marketing skills and expertise (either internal or accessible external or expertise)",
        "2": "Organisation takes opportunities to engage in marketing as they arise; some marketing skills and experience within staff or via external assistance",
        "3": "Organisation considers marketing to be useful, and actively seeks opportunities to engage in these activities; critical mass of internal expertise and experience in marketing or access to relevant external assistance",
        "4": "Organisation fully aware of power of marketing activities, and continually and actively engages in them; broad pool of marketing expertise and experience within organisation or efficient use made of external, sustainable, highly qualified resources",
        "-1": "Question does not apply to this company"
      },
      "evidence_prompt": "Get copy of marketing plan and show evidence of activity and assets",
      "weight": 4
    },
    {
      "category_name": "MARKET ANALYSIS & MARKETING",
      "number": "5-2",
      "priority": 3,
      "text": "Do you have a marketing budget and staff assigned to marketing activities?",
      "descriptors": {
        "0": "No",
        "1": "No specific staff assigned for marketing activities, but a small marketing budget exists",
        "2": "Staff member(s) assigned to marketing, a good marketing budget exists, though too little and insufficient to achieve marketing objectives",
        "3": "A marketing team in place, with a reasonable marketing budget",
        "4": "An experienced marketing team in place, with a reasonable marketing budget, and well-defined procedure for allocating budget to marketing activities",
        "-1": "Question does not apply to this company"
      },
      "evidence_prompt": "Name staff and examine skills / identify budget and spend from financial reports",
      "weight": 4
    },
    {
      "category_name": "MARKET ANALYSIS & MARKETING",
      "number": "5-3",
      "priority": 3,
      "text": "Is your organisation performing any market research into customer and market trends to inform business decisions and product/service development?",
      "descriptors": {
        "0": "Organisation doesn't do any market research",
        "1": "Organisation collects some basic data on an ad hoc basis and does basic assessments when making business decisions",
        "2": "Organisation collects data regularly, although with some limitations in focus, quality and/or timeliness, which it uses to inform business decisions and product/service development",
        "3": "Organisation performs regular, good quality market research which it uses to inform business decisions and product/service development",
        "4": "Organisation has a formal system(s) for market research and performs robust and thorough data collection and analysis as a matter of course to inform business decisions and product/service development",
        "-1": "Question does not apply to this company"
      },
      "evidence_prompt": "Review research and analysis - does the logic make sense",
      "weight": 4
    },
    {
      "category_name": "MARKET ANALYSIS & MARKETING",
      "number": "5-4",
      "priority": 3,
      "text": "Depending on your reccuring customers for a certain period of time, what is your scalability ratio and plan? In the last 6-12 months, has the company expanded its products/services into new markets?",
      "descriptors": {
        "0": "Organisation doesn’t do any recording in terms of their recurring customers/funds allocations to scale in the new market. In the last 6-12 months, the business did not expand into new markets.",
        "1": "Organisations collects some basic data on their recurring customers/ funds allocations/their scalability trends does basic assessments when making business decisions. In the last 6-12 months, the business has expand into 1 new market",
        "2": "Organisation collects data regularly, although with some limitations in focus, quality and/or timeliness, which it uses to inform business decisions and product/service development. In the last 6-12 months, the business has expanded into <3-5 new markets.",
        "3": "Organisation perfoms regular, good quality recording for their recurring customers/ understands their scalability rate/does funds allocations for their new products/services and they use this information when making business decisions. In the last 6-12 months, the business expanded into <5 new markets?",
        "4": "Organisation has a formal system(s) for measuring their recurring customers and performs robust and thorough data collection and analysis to understand their scalability and funds allocation to new products/services as well as using available information to inform business decisions and product/service development. In the last 6-12 months, the business expanded into <10 new markets.",
        "-1": "Question does not apply to this company"
      },
      "evidence_prompt": "Review their revenue sources and agreements in place",
      "weight": 4
    },
    {
      "category_name": "MARKET ANALYSIS & MARKETING",
      "number": "5-5",
      "priority": 3,
      "text": "Is your organization performing any competitor monitoring/analysis?",
      "descriptors": {
        "0": "Organisation is not aware of its competitors/ others doing similar work",
        "1": "Organisation is aware of which other companies are doing similar work but has no market data on them.",
        "2": "Organisation is aware of others doing similar work, but market data on them is outdated.",
        "3": "Organistion knows the competition and has market data on them and is monitoring this regularly and but not responding to changes competitors make",
        "4": "Organisation knows what competition is doing, monitors competition regularly and where appropriate makes business decisions in response to competitor actions",
        "-1": "Question does not apply to this company"
      },
      "evidence_prompt": "Review research and analysis - does the logic make sense",
      "weight": 4
    },
    {
      "category_name": "SALES",
      "number": "6-1",
      "priority": 3,
      "text": "Does your organization have sales targets?",
      "descriptors": {
        "0": "No sales targets in place",
        "1": "Informal projections exist, but only known to the CEO(s)",
        "2": "Basic written projections in place, but no formal internal process for generating sales targets",
        "3": "Clear sales targest exist, developed through a formal internal budgetting process, but the sales team not involved in developing the forecast",
        "4": "Clear sales targest exist, developed through a formal internal budgetting process, with maximum involvement of the sales team in developing the forecast",
        "-1": "Question does not apply to this company"
      },
      "evidence_prompt": "Get copy of targets and test if they align to sales projections in financial plan, also what room is there for slippages",
      "weight": 4
    },
    {
      "category_name": "SALES",
      "number": "6-2",
      "priority": 3,
      "text": "To what extent is your sales function meeting targets?",
      "descriptors": {
        "0": "Company doesn't have any targets",
        "1": "Up to 25% of target met regularly",
        "2": "Up to 50% of target met regularly",
        "3": "Up to 75% of target met regularly",
        "4": "Over 75% of target met regularly",
        "-1": "Question does not apply to this company"
      },
      "evidence_prompt": "Calculate actual sales (from billing, financial reports) vs targets, assess what management decisions made as a result of performance and how tracked",
      "weight": 4
    },
    {
      "category_name": "SALES",
      "number": "6-3",
      "priority": 3,
      "text": "How advanced is your process and systems for sales tracking & reporting?",
      "descriptors": {
        "0": "Organisation doesn't do any sales tracking",
        "1": "Organisation has basic paper-based systems, and no formalized sales tracking process",
        "2": "Organization has a basic spreadheet system in place, irregularly updated",
        "3": "Sales tracking system exists (either in spreadsheet or software platform), but is not regularly updated through a clear formal process",
        "4": "Updated sales reporting system in place (either in spreadsheet or software platform), and correct sales records prodcuced regularly through a clear formal process understood by the team",
        "-1": "Question does not apply to this company"
      },
      "evidence_prompt": "Review processes/systems used and assess appropriateness for size of company and internal comms",
      "weight": 4
    },
    {
      "category_name": "SALES",
      "number": "6-4",
      "priority": 3,
      "text": "Describe your sales team",
      "descriptors": {
        "0": "There is no separate sales team in place",
        "1": "A small sales team in place, but with no existing structures for leadership, communication, monitoring and motivation to meet sales objectives",
        "2": "A small team in place, properly structured, but with no clear separation of prospecting, selling, customer service and other core responsibilities",
        "3": "A sufficient team in place, with cleary defined responsibilties but under-developed leadership and communication lines, and regular monitoring and fair but inconsistent monitoring and motivation to meet sales objectives",
        "4": "A sufficient, carefully selected team in place, with cleary defined responsibilties, effective leadership and communication lines, and regular monitoring and motivation to meet sales objectives",
        "-1": "Question does not apply to this company"
      },
      "evidence_prompt": "Name staff and examine skills and how appropriate for targets",
      "weight": 4
    },
    {
      "category_name": "SALES",
      "number": "6-5",
      "priority": 3,
      "text": "What quality of distribution system does your organisation have?",
      "descriptors": {
        "0": "No distribution system in place",
        "1": "A very limited distribution system",
        "2": "A basic distribution system – pick up / drop off only",
        "3": "A reasonable distribution system, including tracking and warehousing",
        "4": "Detailed logistics and supply chain in place",
        "-1": "Question does not apply to this company"
      },
      "evidence_prompt": "A very limited distribution system",
      "weight": 4
    },
    {
      "category_name": "SALES",
      "number": "6-6",
      "priority": 3,
      "text": "If applicable for the industry, does your organisation have expertise / understanding of export requirements?",
      "descriptors": {
        "0": "None at all",
        "1": "A very limited distribution system",
        "2": "The organisation has some knowledge of export requirements but has never actually exported any product.",
        "3": "The organisation has some knowledge of export requirements and has a track record of achieving some export successfully",
        "4": "Full in-house expertise and capabilities",
        "-1": "Question does not apply to this company"
      },
      "evidence_prompt": "",
      "weight": 4
    },
    {
      "category_name": "FINANCIAL PLANNING & MANAGEMENT",
      "number": "7-1",
      "priority": 2,
      "text": "Do you have systems in place for processing finances?",
      "descriptors": {
        "0": "No systems in place",
        "1": "Informal system in place, but processes are undocumented",
        "2": "Paper-based system or simple spreadsheet-based system in place and all processes documented",
        "3": "Well-managed spreadsheet-based system or basic software-based system in place and all process documented",
        "4": "Software-based system in place and all processes documented, with correct and up-to-date records regularly reviewed by management & responsible staff",
        "-1": "Question does not apply to this company"
      },
      "evidence_prompt": "Get sight of systems and test for appropriateness for size and nature of company",
      "weight": 4
    },
    {
      "category_name": "FINANCIAL PLANNING & MANAGEMENT",
      "number": "7-2",
      "priority": 2,
      "text": "Does your organisation produce an income statement / profit and loss account?",
      "descriptors": {
        "0": "There is no report",
        "1": "Very limited report",
        "2": "Basic report in place",
        "3": "Good general report",
        "4": "Excellent report",
        "-1": "Question does not apply to this company"
      },
      "evidence_prompt": "Get sight of report and examine accuracy and how it is communicated to others and how management decisions are made using it or not",
      "weight": 4
    },
    {
      "category_name": "FINANCIAL PLANNING & MANAGEMENT",
      "number": "7-3",
      "priority": 2,
      "text": "Does your organisation produce a cashflow?",
      "descriptors": {
        "0": "There is no report",
        "1": "Very limited report",
        "2": "Basic report in place",
        "3": "Good general report",
        "4": "Excellent report",
        "-1": "Question does not apply to this company"
      },
      "evidence_prompt": "As above",
      "weight": 4
    },
    {
      "category_name": "FINANCIAL PLANNING & MANAGEMENT",
      "number": "7-4",
      "priority": 2,
      "text": "Does your organisation produce a balance sheet?",
      "descriptors": {
        "0": "There is no report",
        "1": "Very limited report",
        "2": "Basic report in place",
        "3": "Good general report",
        "4": "Excellent report",
        "-1": "Question does not apply to this company"
      },
      "evidence_prompt": "As above",
      "weight": 4
    },
    {
      "category_name": "FINANCIAL PLANNING & MANAGEMENT",
      "number": "7-5",
      "priority": 2,
      "text": "How often are management financial reports produced?",
      "descriptors": {
        "0": "Never",
        "1": "Less frequently than annually",
        "2": "Annually",
        "3": "Quarterly",
        "4": "Monthly",
        "-1": "Question does not apply to this company"
      },
      "evidence_prompt": "Review template and test appropriateness for size of company and evidence it is shared along with management decisions and instructions on how to improve performance",
      "weight": 4
    },
    {
      "category_name": "FINANCIAL PLANNING & MANAGEMENT",
      "number": "7-6",
      "priority": 2,
      "text": "Does your organisation have a financial model and/or budget?",
      "descriptors": {
        "0": "No",
        "1": "Simple annual budget template, which is not linked to any longer term business growth model or market analysis",
        "2": "Budget which includes financial forecasts based on some market analysis and an understanding of costs, sales and revenue from last year",
        "3": "Budget/financial model which includes financial forecasts based on market analysis and an understanding of costs, sales and revenue from last year, and internal analysis of COGS / cost of service delivery to set product/service pricing",
        "4": "Sophisticated model, which includes everything from 2 & 3 and also interrogates and justifies all assumptions and undertakes variance/scenario analysis",
        "-1": "Question does not apply to this company"
      },
      "evidence_prompt": "see model and test fornrealism - test against pasat performance and any market data shhowing where and how growth can happen - see how appropriate and ambitious the growth forecast is",
      "weight": 4
    },
    {
      "category_name": "FINANCIAL PLANNING & MANAGEMENT",
      "number": "7-7",
      "priority": 2,
      "text": "What increase in revenue do you forecast for this year?",
      "descriptors": {
        "0": "Significantly less than last year (down 15% or more)",
        "1": "A little less than last year (down 0 - 15%)",
        "2": "Flat compared with last year",
        "3": "A little more than last year (up 0 - 15%)",
        "4": "Significantly more than last year (up 15% or more)",
        "-1": "Question does not apply to this company"
      },
      "evidence_prompt": "Ask them what revenue they made last year vs this year and create % and get the evidence for / factors driving the difference",
      "weight": 4
    },
    {
      "category_name": "FINANCIAL PLANNING & MANAGEMENT",
      "number": "7-8",
      "priority": 2,
      "text": "What increase in margin do you forecast for this year?",
      "descriptors": {
        "0": "Significantly less than last year (down 15% or more)",
        "1": "A little less than last year (down 0 - 15%)",
        "2": "Flat compared with last year",
        "3": "A little more than last year (up 0 - 15%)",
        "4": "Significantly more than last year (up 15% or more)",
        "-1": "Question does not apply to this company"
      },
      "evidence_prompt": "Ask them what margin they had last year vs this year and why there is a difference and get the evidence for / factors driving the difference. Note - a significant decrease is not necessarily bad, as it may mean the company is investing heavily in growth. Most important thing is to understand what is driving the change",
      "weight": 4
    },
    {
      "category_name": "FINANCIAL PLANNING & MANAGEMENT",
      "number": "7-9",
      "priority": 2,
      "text": "How diverse is your product/service range?",
      "descriptors": {
        "0": "Single product",
        "1": "Several permutations of a single product (e.g. two different sized bags of ready salted peanuts)",
        "2": "Multiple product lines on same platform (eg, one organisation producing ready salted peanuts and dry roasted peanuts, in 100g bags and 1kg bags)",
        "3": "Multiple platforms each with single product lines (eg, one organisation manufacturing one type of football, tennis racket and screwdriver)",
        "4": "Multiple product lines within multiple platforms (eg, an organisation that produces multiple PCs, laptops and printers)",
        "-1": "Question does not apply to this company"
      },
      "evidence_prompt": "Get product/service range and assess appropriateness for size and nature of company. Note - for a small / early stage company some diversity is healthy but a huge range of products/services is a risk",
      "weight": 4
    },
    {
      "category_name": "FINANCIAL PLANNING & MANAGEMENT",
      "number": "7-10",
      "priority": 2,
      "text": "How diverse is your customer base?",
      "descriptors": {
        "0": "Organisation has no customers at all so far",
        "1": "Organisation has a single customer",
        "2": "Organisation has a few customers, one of which provides the main source of income",
        "3": "Organisation has several customers, who are equally important sources of income",
        "4": "Organisation has a broad customer base, removing a dependency on any one source of income",
        "-1": "Questionposited by the organisation"
      },
      "evidence_prompt": "Get list of customers and what/how much they are buying",
      "weight": 4
    },
    {
      "category_name": "LEGAL & IT",
      "number": "8-1",
      "priority": 3,
      "text": "Does your organisation have an in-house (or outsourced) IT support function?",
      "descriptors": {
        "0": "None at all",
        "1": "One of the team has some informal basic knowledge of IT",
        "2": "More than one member of the team has informal basic knowledge of IT",
        "3": "One or more of the team have reasonable IT skills",
        "4": "Yes",
        "-1": "Question does not apply to this company"
      },
      "evidence_prompt": "Assess appropriateness for size of company and nature of woork",
      "weight": 4
    },
    {
      "category_name": "LEGAL & IT",
      "number": "8-2",
      "priority": 3,
      "text": "How adequate is the software being used by the organisation to perform business tasks?",
      "descriptors": {
        "0": "No software being used in tasks that are best suited for software use",
        "1": "Totally inadequate - too old / unsuitable and crashing a lot",
        "2": "The software is old but reasonably reliable and not in need of necessary revision",
        "3": "The software is quite new and enables most business requirements to be met",
        "4": "Fit for all business processes",
        "-1": "Question does not apply to this company"
      },
      "evidence_prompt": "As above",
      "weight": 4
    },
    {
      "category_name": "LEGAL & IT",
      "number": "8-3",
      "priority": 1,
      "text": "What is the level of adherence to health and safety laws",
      "descriptors": {
        "0": "Unaware of the laws and thus no adherence to them.",
        "1": "Aware of the laws, but we do not adhere to the laws",
        "2": "Minimal adherence to the laws",
        "3": "Adherence to most of the laws governing health and safety",
        "4": "Adherence to all laws governing health and safety",
        "-1": "Question does not apply to this company"
      },
      "evidence_prompt": "Get evidence of adherence to laws / get copies of applicable laws and test for application or breach",
      "weight": 4
    },
    {
      "category_name": "LEGAL & IT",
      "number": "8-4",
      "priority": 1,
      "text": "What is the level of adherence to tax laws",
      "descriptors": {
        "0": "Unaware of the laws and thus no adherence to them.",
        "1": "Aware of the laws, but we do not adhere to the laws",
        "2": "Minimal adherence to the laws",
        "3": "Adherence to most of the laws governing tax",
        "4": "Adherence to all laws governing tax",
        "-1": "Question does not apply to this company"
      },
      "evidence_prompt": "As above",
      "weight": 4
    },
    {
      "category_name": "LEGAL & IT",
      "number": "8-5",
      "priority": 1,
      "text": "What is the level of adherence to employment laws",
      "descriptors": {
        "0": "Unaware of the laws and thus no adherence to them.",
        "1": "Aware of the laws, but we do not adhere to the laws",
        "2": "Minimal adherence to the laws",
        "3": "Adherence to most of the laws governing employment",
        "4": "Adherence to all laws governing employment",
        "-1": "Question does not apply to this company"
      },
      "evidence_prompt": "As above",
      "weight": 4
    }
  ]
}